Males	Females	Sequences	P	Signif
0	1	5700	1	False
0	2	499	0.473109	False
0	3	171	0.237893	False
0	4	44	0.122398	False
0	5	16	0.0633991	False
0	6	9	0.0327789	False
0	7	1	0.0168274	False
0	8	3	0.00854602	False
0	9	0	0.00428175	False
0	10	0	0.00211149	False
0	11	1	0.0010228	False
0	12	0	0.000485763	False
0	13	0	0.000225796	False
0	14	0	0.000102544	False
0	15	0	4.54195e-05	False
0	16	0	1.95856e-05	False
0	17	0	8.20707e-06	False
0	18	0	3.3354e-06	False
0	19	0	1.31198e-06	False
0	20	0	4.98401e-07	True
0	21	0	1.82429e-07	True
0	22	0	6.41783e-08	True
0	23	0	2.16421e-08	True
0	24	0	6.97536e-09	True
0	25	0	2.14205e-09	True
0	26	0	6.24605e-10	True
0	27	0	1.723e-10	True
0	28	0	4.4782e-11	True
0	29	0	1.09178e-11	True
0	30	0	2.48468e-12	True
0	31	0	5.25024e-13	True
0	32	0	1.02363e-13	True
0	33	0	1.83187e-14	True
0	34	0	2.9976e-15	True
1	0	6558	1	False
1	1	774	1	False
1	2	383	1	False
1	3	225	0.606603	False
1	4	112	0.353309	False
1	5	71	0.20024	False
1	6	19	0.111017	False
1	7	7	0.0603323	False
1	8	7	0.0321559	False
1	9	2	0.0168046	False
1	10	4	0.00860547	False
1	11	0	0.00431431	False
1	12	0	0.0021153	False
1	13	0	0.00101304	False
1	14	0	0.00047326	False
1	15	0	0.000215355	False
1	16	0	9.53042e-05	False
1	17	0	4.09482e-05	False
1	18	0	1.70503e-05	False
1	19	0	6.86676e-06	False
1	20	0	2.66914e-06	False
1	21	0	9.99067e-07	False
1	22	0	3.59207e-07	True
1	23	0	1.23724e-07	True
1	24	0	4.07053e-08	True
1	25	0	1.27512e-08	True
1	26	0	3.79006e-09	True
1	27	0	1.06484e-09	True
1	28	0	2.81612e-10	True
1	29	0	6.97845e-11	True
1	30	0	1.61219e-11	True
1	31	0	3.45302e-12	True
1	32	0	6.81455e-13	True
1	33	0	1.23013e-13	True
1	34	0	2.02061e-14	True
2	0	369	0.473109	False
2	1	377	1	False
2	2	295	1	False
2	3	170	1	False
2	4	193	0.669411	False
2	5	112	0.425556	False
2	6	53	0.259736	False
2	7	22	0.153202	False
2	8	15	0.0876688	False
2	9	9	0.0487803	False
2	10	3	0.0264224	False
2	11	2	0.0139388	False
2	12	2	0.00716097	False
2	13	1	0.00358116	False
2	14	1	0.00174205	False
2	15	0	0.000823471	False
2	16	0	0.000377804	False
2	17	0	0.000167998	False
2	18	0	7.22879e-05	False
2	19	0	3.00451e-05	False
2	20	0	1.20383e-05	False
2	21	0	4.63964e-06	False
2	22	0	1.71587e-06	False
2	23	0	6.07314e-07	True
2	24	0	2.05118e-07	True
2	25	0	6.58973e-08	True
2	26	0	2.00667e-08	True
2	27	0	5.76961e-09	True
2	28	0	1.55965e-09	True
2	29	0	3.94522e-10	True
2	30	0	9.28999e-11	True
2	31	0	2.02465e-11	True
2	32	0	4.05764e-12	True
2	33	0	7.42517e-13	True
2	34	0	1.23013e-13	True
3	0	103	0.237893	False
3	1	190	0.606603	False
3	2	197	1	False
3	3	219	1	False
3	4	175	1	False
3	5	111	0.707161	False
3	6	64	0.475131	False
3	7	41	0.305507	False
3	8	34	0.188957	False
3	9	16	0.112813	False
3	10	12	0.0651644	False
3	11	6	0.0364698	False
3	12	12	0.0197902	False
3	13	1	0.010415	False
3	14	0	0.00531462	False
3	15	0	0.00262818	False
3	16	0	0.00125846	False
3	17	0	0.00058284	False
3	18	0	0.00026073	False
3	19	0	0.000112479	False
3	20	0	4.67081e-05	False
3	21	0	1.86318e-05	False
3	22	0	7.12269e-06	False
3	23	0	2.60275e-06	False
3	24	0	9.06498e-07	False
3	25	0	2.99955e-07	True
3	26	0	9.39634e-08	True
3	27	0	2.77568e-08	True
3	28	0	7.69827e-09	True
3	29	0	1.99495e-09	True
3	30	0	4.80449e-10	True
3	31	0	1.0689e-10	True
3	32	0	2.18223e-11	True
3	33	0	4.05764e-12	True
3	34	0	6.81455e-13	True
4	0	44	0.122398	False
4	1	106	0.353309	False
4	2	122	0.669411	False
4	3	124	1	False
4	4	123	1	False
4	5	123	1	False
4	6	94	0.732678	False
4	7	52	0.511287	False
4	8	42	0.341399	False
4	9	30	0.218915	False
4	10	16	0.135166	False
4	11	9	0.0805115	False
4	12	6	0.0463203	False
4	13	3	0.0257571	False
4	14	0	0.0138458	False
4	15	1	0.00719375	False
4	16	0	0.00361051	False
4	17	0	0.001749	False
4	18	0	0.000816805	False
4	19	0	0.000367233	False
4	20	0	0.00015868	False
4	21	0	6.57672e-05	False
4	22	0	2.60871e-05	False
4	23	0	9.87793e-06	False
4	24	0	3.56032e-06	False
4	25	0	1.2176e-06	False
4	26	0	3.93694e-07	True
4	27	0	1.19872e-07	True
4	28	0	3.42177e-08	True
4	29	0	9.11166e-09	True
4	30	0	2.25086e-09	True
4	31	0	5.1263e-10	True
4	32	0	1.0689e-10	True
4	33	0	2.02465e-11	True
4	34	0	3.45302e-12	True
5	0	9	0.0633991	False
5	1	21	0.20024	False
5	2	67	0.425556	False
5	3	116	0.707161	False
5	4	97	1	False
5	5	112	1	False
5	6	115	1	False
5	7	56	0.751141	False
5	8	52	0.538747	False
5	9	50	0.370028	False
5	10	42	0.243958	False
5	11	25	0.154682	False
5	12	10	0.0944472	False
5	13	8	0.0555823	False
5	14	6	0.0315401	False
5	15	4	0.0172575	False
5	16	0	0.00910191	False
5	17	2	0.00462423	False
5	18	0	0.00226085	False
5	19	0	0.00106237	False
5	20	0	0.000479035	False
5	21	0	0.000206886	False
5	22	0	8.53934e-05	False
5	23	0	3.36015e-05	False
5	24	0	1.2569e-05	False
5	25	0	4.45511e-06	False
5	26	0	1.49094e-06	False
5	27	0	4.69187e-07	True
5	28	0	1.38209e-07	True
5	29	0	3.79152e-08	True
5	30	0	9.63129e-09	True
5	31	0	2.25086e-09	True
5	32	0	4.80449e-10	True
5	33	0	9.28999e-11	True
5	34	0	1.61219e-11	True
6	0	7	0.0327789	False
6	1	14	0.111017	False
6	2	40	0.259736	False
6	3	67	0.475131	False
6	4	102	0.732678	False
6	5	92	1	False
6	6	88	1	False
6	7	101	1	False
6	8	63	0.765087	False
6	9	49	0.560179	False
6	10	55	0.393153	False
6	11	41	0.264882	False
6	12	19	0.171514	False
6	13	11	0.106822	False
6	14	10	0.0640221	False
6	15	8	0.0369277	False
6	16	3	0.020494	False
6	17	2	0.0109372	False
6	18	2	0.00560811	False
6	19	1	0.00275955	False
6	20	1	0.00130114	False
6	21	0	0.000586798	False
6	22	0	0.000252584	False
6	23	0	0.000103515	False
6	24	0	4.02761e-05	False
6	25	0	1.48298e-05	False
6	26	0	5.14846e-06	False
6	27	0	1.67832e-06	False
6	28	0	5.11334e-07	True
6	29	0	1.44836e-07	True
6	30	0	3.79152e-08	True
6	31	0	9.11166e-09	True
6	32	0	1.99495e-09	True
6	33	0	3.94522e-10	True
6	34	0	6.97845e-11	True
7	0	0	0.0168274	False
7	1	48	0.0603323	False
7	2	26	0.153202	False
7	3	53	0.305507	False
7	4	70	0.511287	False
7	5	64	0.751141	False
7	6	50	1	False
7	7	67	1	False
7	8	62	1	False
7	9	93	0.775922	False
7	10	46	0.577211	False
7	11	49	0.411981	False
7	12	28	0.282332	False
7	13	31	0.185877	False
7	14	16	0.117601	False
7	15	7	0.071506	False
7	16	9	0.0417747	False
7	17	2	0.0234363	False
7	18	3	0.0126157	False
7	19	1	0.00650846	False
7	20	0	0.00321338	False
7	21	0	0.00151562	False
7	22	0	0.000681473	False
7	23	0	0.000291381	False
7	24	0	0.000118139	False
7	25	0	4.52711e-05	False
7	26	0	1.63354e-05	False
7	27	0	5.52691e-06	False
7	28	0	1.745e-06	False
7	29	0	5.11334e-07	True
7	30	0	1.38209e-07	True
7	31	0	3.42177e-08	True
7	32	0	7.69827e-09	True
7	33	0	1.55965e-09	True
7	34	0	2.81612e-10	True
8	0	0	0.00854602	False
8	1	1	0.0321559	False
8	2	11	0.0876688	False
8	3	34	0.188957	False
8	4	30	0.341399	False
8	5	101	0.538747	False
8	6	84	0.765087	False
8	7	58	1	False
8	8	62	1	False
8	9	95	1	False
8	10	63	0.784491	False
8	11	60	0.590889	False
8	12	72	0.427355	False
8	13	37	0.296818	False
8	14	13	0.197982	False
8	15	11	0.126806	False
8	16	13	0.077962	False
8	17	5	0.0459829	False
8	18	3	0.0259959	False
8	19	2	0.0140704	False
8	20	4	0.00728069	False
8	21	3	0.00359524	False
8	22	0	0.00169064	False
8	23	0	0.000755202	False
8	24	0	0.000319528	False
8	25	0	0.000127628	False
8	26	0	4.79425e-05	False
8	27	0	1.68636e-05	False
8	28	0	5.52691e-06	False
8	29	0	1.67832e-06	False
8	30	0	4.69187e-07	True
8	31	0	1.19872e-07	True
8	32	0	2.77568e-08	True
8	33	0	5.76961e-09	True
8	34	0	1.06484e-09	True
9	0	1	0.00428175	False
9	1	4	0.0168046	False
9	2	7	0.0487803	False
9	3	18	0.112813	False
9	4	18	0.218915	False
9	5	29	0.370028	False
9	6	34	0.560179	False
9	7	64	0.775922	False
9	8	77	1	False
9	9	81	1	False
9	10	46	1	False
9	11	78	0.791337	False
9	12	47	0.601921	False
9	13	46	0.439882	False
9	14	36	0.308735	False
9	15	14	0.208021	False
9	16	15	0.134481	False
9	17	10	0.0833544	False
9	18	12	0.0494874	False
9	19	13	0.028108	False
9	20	60	0.0152505	False
9	21	6	0.00788974	False
9	22	0	0.00388357	False
9	23	1	0.00181421	False
9	24	0	0.00080196	False
9	25	0	0.000334312	False
9	26	0	0.000130915	False
9	27	0	4.79425e-05	False
9	28	0	1.63354e-05	False
9	29	0	5.14846e-06	False
9	30	0	1.49094e-06	False
9	31	0	3.93694e-07	True
9	32	0	9.39634e-08	True
9	33	0	2.00667e-08	True
9	34	0	3.79006e-09	True
10	0	0	0.00211149	False
10	1	0	0.00860547	False
10	2	4	0.0264224	False
10	3	8	0.0651644	False
10	4	20	0.135166	False
10	5	31	0.243958	False
10	6	27	0.393153	False
10	7	47	0.577211	False
10	8	96	0.784491	False
10	9	60	1	False
10	10	95	1	False
10	11	51	1	False
10	12	55	0.79682	False
10	13	43	0.610795	False
10	14	53	0.45	False
10	15	34	0.318388	False
10	16	30	0.216154	False
10	17	23	0.140677	False
10	18	6	0.0876688	False
10	19	9	0.0522461	False
10	20	19	0.0297272	False
10	21	3	0.0161184	False
10	22	3	0.0083098	False
10	23	3	0.00406281	False
10	24	0	0.00187808	False
10	25	0	0.000817973	False
10	26	0	0.000334312	False
10	27	0	0.000127628	False
10	28	0	4.52711e-05	False
10	29	0	1.48298e-05	False
10	30	0	4.45511e-06	False
10	31	0	1.2176e-06	False
10	32	0	2.99955e-07	True
10	33	0	6.58973e-08	True
10	34	0	1.27512e-08	True
11	0	1	0.0010228	False
11	1	0	0.00431431	False
11	2	1	0.0139388	False
11	3	12	0.0364698	False
11	4	14	0.0805115	False
11	5	20	0.154682	False
11	6	40	0.264882	False
11	7	52	0.411981	False
11	8	52	0.590889	False
11	9	52	0.791337	False
11	10	80	1	False
11	11	63	1	False
11	12	70	1	False
11	13	88	0.801192	False
11	14	46	0.617859	False
11	15	49	0.458032	False
11	16	27	0.326009	False
11	17	37	0.222512	False
11	18	10	0.145441	False
11	19	12	0.0909016	False
11	20	26	0.0542321	False
11	21	6	0.0308224	False
11	22	6	0.016649	False
11	23	2	0.00852401	False
11	24	4	0.0041236	False
11	25	1	0.00187808	False
11	26	1	0.00080196	False
11	27	1	0.000319528	False
11	28	0	0.000118139	False
11	29	0	4.02761e-05	False
11	30	0	1.2569e-05	False
11	31	0	3.56032e-06	False
11	32	0	9.06498e-07	False
11	33	0	2.05118e-07	True
11	34	0	4.07053e-08	True
12	0	1	0.000485763	False
12	1	0	0.0021153	False
12	2	0	0.00716097	False
12	3	1	0.0197902	False
12	4	4	0.0463203	False
12	5	15	0.0944472	False
12	6	19	0.171514	False
12	7	27	0.282332	False
12	8	25	0.427355	False
12	9	47	0.601921	False
12	10	56	0.79682	False
12	11	57	1	False
12	12	44	1	False
12	13	42	1	False
12	14	56	0.804627	False
12	15	61	0.623361	False
12	16	37	0.464214	False
12	17	52	0.331772	False
12	18	32	0.227195	False
12	19	17	0.148814	False
12	20	10	0.0930544	False
12	21	7	0.0554293	False
12	22	1	0.0313745	False
12	23	5	0.0168274	False
12	24	7	0.00852401	False
12	25	1	0.00406281	False
12	26	0	0.00181421	False
12	27	1	0.000755202	False
12	28	0	0.000291381	False
12	29	0	0.000103515	False
12	30	0	3.36015e-05	False
12	31	0	9.87793e-06	False
12	32	0	2.60275e-06	False
12	33	0	6.07314e-07	True
12	34	0	1.23724e-07	True
13	0	0	0.000225796	False
13	1	0	0.00101304	False
13	2	0	0.00358116	False
13	3	0	0.010415	False
13	4	4	0.0257571	False
13	5	5	0.0555823	False
13	6	15	0.106822	False
13	7	8	0.185877	False
13	8	12	0.296818	False
13	9	34	0.439882	False
13	10	53	0.610795	False
13	11	46	0.801192	False
13	12	70	1	False
13	13	62	1	False
13	14	75	1	False
13	15	43	0.80725	False
13	16	47	0.627481	False
13	17	55	0.468717	False
13	18	31	0.335804	False
13	19	25	0.230278	False
13	20	24	0.150825	False
13	21	15	0.0941299	False
13	22	3	0.0558293	False
13	23	7	0.0313745	False
13	24	4	0.016649	False
13	25	2	0.0083098	False
13	26	1	0.00388357	False
13	27	0	0.00169064	False
13	28	1	0.000681473	False
13	29	0	0.000252584	False
13	30	0	8.53934e-05	False
13	31	0	2.60871e-05	False
13	32	0	7.12269e-06	False
13	33	0	1.71587e-06	False
13	34	0	3.59207e-07	True
14	0	1	0.000102544	False
14	1	0	0.00047326	False
14	2	0	0.00174205	False
14	3	0	0.00531462	False
14	4	0	0.0138458	False
14	5	6	0.0315401	False
14	6	5	0.0640221	False
14	7	16	0.117601	False
14	8	13	0.197982	False
14	9	23	0.308735	False
14	10	36	0.45	False
14	11	40	0.617859	False
14	12	53	0.804627	False
14	13	55	1	False
14	14	59	1	False
14	15	84	1	False
14	16	59	0.80915	False
14	17	59	0.630343	False
14	18	52	0.471657	False
14	19	41	0.33819	False
14	20	21	0.231807	False
14	21	14	0.151494	False
14	22	22	0.0941299	False
14	23	11	0.0554293	False
14	24	7	0.0308224	False
14	25	7	0.0161184	False
14	26	0	0.00788974	False
14	27	1	0.00359524	False
14	28	0	0.00151562	False
14	29	0	0.000586798	False
14	30	0	0.000206886	False
14	31	0	6.57672e-05	False
14	32	0	1.86318e-05	False
14	33	0	4.63964e-06	False
14	34	0	9.99067e-07	False
15	0	0	4.54195e-05	False
15	1	0	0.000215355	False
15	2	0	0.000823471	False
15	3	0	0.00262818	False
15	4	0	0.00719375	False
15	5	4	0.0172575	False
15	6	3	0.0369277	False
15	7	3	0.071506	False
15	8	11	0.126806	False
15	9	23	0.208021	False
15	10	31	0.318388	False
15	11	35	0.458032	False
15	12	50	0.623361	False
15	13	57	0.80725	False
15	14	80	1	False
15	15	56	1	False
15	16	68	1	False
15	17	52	0.810386	False
15	18	52	0.632028	False
15	19	36	0.473109	False
15	20	38	0.33898	False
15	21	53	0.231807	False
15	22	54	0.150825	False
15	23	13	0.0930544	False
15	24	10	0.0542321	False
15	25	3	0.0297272	False
15	26	0	0.0152505	False
15	27	2	0.00728069	False
15	28	0	0.00321338	False
15	29	0	0.00130114	False
15	30	4	0.000479035	False
15	31	0	0.00015868	False
15	32	0	4.67081e-05	False
15	33	0	1.20383e-05	False
15	34	0	2.66914e-06	False
16	0	0	1.95856e-05	False
16	1	0	9.53042e-05	False
16	2	0	0.000377804	False
16	3	0	0.00125846	False
16	4	0	0.00361051	False
16	5	1	0.00910191	False
16	6	11	0.020494	False
16	7	2	0.0417747	False
16	8	3	0.077962	False
16	9	15	0.134481	False
16	10	31	0.216154	False
16	11	49	0.326009	False
16	12	40	0.464214	False
16	13	61	0.627481	False
16	14	50	0.80915	False
16	15	52	1	False
16	16	45	1	False
16	17	43	1	False
16	18	78	0.810994	False
16	19	53	0.632585	False
16	20	45	0.473109	False
16	21	31	0.33819	False
16	22	52	0.230278	False
16	23	22	0.148814	False
16	24	14	0.0909016	False
16	25	6	0.0522461	False
16	26	6	0.028108	False
16	27	3	0.0140704	False
16	28	0	0.00650846	False
16	29	0	0.00275955	False
16	30	1	0.00106237	False
16	31	0	0.000367233	False
16	32	0	0.000112479	False
16	33	0	3.00451e-05	False
16	34	0	6.86676e-06	False
17	0	1	8.20707e-06	False
17	1	0	4.09482e-05	False
17	2	0	0.000167998	False
17	3	2	0.00058284	False
17	4	1	0.001749	False
17	5	0	0.00462423	False
17	6	1	0.0109372	False
17	7	1	0.0234363	False
17	8	5	0.0459829	False
17	9	7	0.0833544	False
17	10	19	0.140677	False
17	11	22	0.222512	False
17	12	19	0.331772	False
17	13	46	0.468717	False
17	14	54	0.630343	False
17	15	65	0.810386	False
17	16	56	1	False
17	17	49	1	False
17	18	61	1	False
17	19	67	0.810994	False
17	20	66	0.632028	False
17	21	60	0.471657	False
17	22	58	0.335804	False
17	23	24	0.227195	False
17	24	18	0.145441	False
17	25	9	0.0876688	False
17	26	6	0.0494874	False
17	27	3	0.0259959	False
17	28	2	0.0126157	False
17	29	2	0.00560811	False
17	30	5	0.00226085	False
17	31	1	0.000816805	False
17	32	0	0.00026073	False
17	33	0	7.22879e-05	False
17	34	0	1.70503e-05	False
18	0	0	3.3354e-06	False
18	1	1	1.70503e-05	False
18	2	0	7.22879e-05	False
18	3	0	0.00026073	False
18	4	0	0.000816805	False
18	5	0	0.00226085	False
18	6	0	0.00560811	False
18	7	0	0.0126157	False
18	8	4	0.0259959	False
18	9	6	0.0494874	False
18	10	6	0.0876688	False
18	11	15	0.145441	False
18	12	26	0.227195	False
18	13	27	0.335804	False
18	14	29	0.471657	False
18	15	58	0.632028	False
18	16	47	0.810994	False
18	17	71	1	False
18	18	54	1	False
18	19	56	1	False
18	20	83	0.810386	False
18	21	53	0.630343	False
18	22	31	0.468717	False
18	23	46	0.331772	False
18	24	26	0.222512	False
18	25	43	0.140677	False
18	26	11	0.0833544	False
18	27	3	0.0459829	False
18	28	5	0.0234363	False
18	29	3	0.0109372	False
18	30	4	0.00462423	False
18	31	3	0.001749	False
18	32	0	0.00058284	False
18	33	0	0.000167998	False
18	34	0	4.09482e-05	False
19	0	0	1.31198e-06	False
19	1	0	6.86676e-06	False
19	2	0	3.00451e-05	False
19	3	0	0.000112479	False
19	4	1	0.000367233	False
19	5	0	0.00106237	False
19	6	0	0.00275955	False
19	7	1	0.00650846	False
19	8	1	0.0140704	False
19	9	3	0.028108	False
19	10	3	0.0522461	False
19	11	15	0.0909016	False
19	12	24	0.148814	False
19	13	37	0.230278	False
19	14	24	0.33819	False
19	15	36	0.473109	False
19	16	47	0.632585	False
19	17	50	0.810994	False
19	18	44	1	False
19	19	62	1	False
19	20	70	1	False
19	21	43	0.80915	False
19	22	54	0.627481	False
19	23	126	0.464214	False
19	24	36	0.326009	False
19	25	38	0.216154	False
19	26	17	0.134481	False
19	27	13	0.077962	False
19	28	3	0.0417747	False
19	29	2	0.020494	False
19	30	1	0.00910191	False
19	31	7	0.00361051	False
19	32	0	0.00125846	False
19	33	3	0.000377804	False
19	34	0	9.53042e-05	False
20	0	0	4.98401e-07	True
20	1	0	2.66914e-06	False
20	2	0	1.20383e-05	False
20	3	0	4.67081e-05	False
20	4	0	0.00015868	False
20	5	0	0.000479035	False
20	6	0	0.00130114	False
20	7	1	0.00321338	False
20	8	0	0.00728069	False
20	9	0	0.0152505	False
20	10	3	0.0297272	False
20	11	2	0.0542321	False
20	12	19	0.0930544	False
20	13	22	0.150825	False
20	14	27	0.231807	False
20	15	26	0.33898	False
20	16	30	0.473109	False
20	17	45	0.632028	False
20	18	51	0.810386	False
20	19	60	1	False
20	20	51	1	False
20	21	65	1	False
20	22	67	0.80725	False
20	23	55	0.623361	False
20	24	38	0.458032	False
20	25	34	0.318388	False
20	26	22	0.208021	False
20	27	20	0.126806	False
20	28	13	0.071506	False
20	29	8	0.0369277	False
20	30	2	0.0172575	False
20	31	2	0.00719375	False
20	32	1	0.00262818	False
20	33	3	0.000823471	False
20	34	0	0.000215355	False
21	0	0	1.82429e-07	True
21	1	0	9.99067e-07	False
21	2	0	4.63964e-06	False
21	3	0	1.86318e-05	False
21	4	0	6.57672e-05	False
21	5	0	0.000206886	False
21	6	0	0.000586798	False
21	7	0	0.00151562	False
21	8	0	0.00359524	False
21	9	0	0.00788974	False
21	10	2	0.0161184	False
21	11	5	0.0308224	False
21	12	8	0.0554293	False
21	13	14	0.0941299	False
21	14	9	0.151494	False
21	15	18	0.231807	False
21	16	17	0.33819	False
21	17	38	0.471657	False
21	18	37	0.630343	False
21	19	66	0.80915	False
21	20	53	1	False
21	21	69	1	False
21	22	46	1	False
21	23	67	0.804627	False
21	24	35	0.617859	False
21	25	42	0.45	False
21	26	32	0.308735	False
21	27	29	0.197982	False
21	28	21	0.117601	False
21	29	5	0.0640221	False
21	30	12	0.0315401	False
21	31	6	0.0138458	False
21	32	5	0.00531462	False
21	33	0	0.00174205	False
21	34	0	0.00047326	False
22	0	0	6.41783e-08	True
22	1	0	3.59207e-07	True
22	2	0	1.71587e-06	False
22	3	0	7.12269e-06	False
22	4	0	2.60871e-05	False
22	5	0	8.53934e-05	False
22	6	0	0.000252584	False
22	7	0	0.000681473	False
22	8	0	0.00169064	False
22	9	1	0.00388357	False
22	10	0	0.0083098	False
22	11	0	0.016649	False
22	12	5	0.0313745	False
22	13	6	0.0558293	False
22	14	8	0.0941299	False
22	15	34	0.150825	False
22	16	14	0.230278	False
22	17	20	0.335804	False
22	18	52	0.468717	False
22	19	54	0.627481	False
22	20	66	0.80725	False
22	21	62	1	False
22	22	69	1	False
22	23	54	1	False
22	24	66	0.801192	False
22	25	58	0.610795	False
22	26	39	0.439882	False
22	27	36	0.296818	False
22	28	39	0.185877	False
22	29	12	0.106822	False
22	30	10	0.0555823	False
22	31	8	0.0257571	False
22	32	3	0.010415	False
22	33	13	0.00358116	False
22	34	1	0.00101304	False
23	0	0	2.16421e-08	True
23	1	0	1.23724e-07	True
23	2	0	6.07314e-07	True
23	3	0	2.60275e-06	False
23	4	0	9.87793e-06	False
23	5	0	3.36015e-05	False
23	6	0	0.000103515	False
23	7	0	0.000291381	False
23	8	0	0.000755202	False
23	9	1	0.00181421	False
23	10	1	0.00406281	False
23	11	0	0.00852401	False
23	12	0	0.0168274	False
23	13	1	0.0313745	False
23	14	5	0.0554293	False
23	15	13	0.0930544	False
23	16	17	0.148814	False
23	17	24	0.227195	False
23	18	35	0.331772	False
23	19	37	0.464214	False
23	20	49	0.623361	False
23	21	47	0.804627	False
23	22	51	1	False
23	23	69	1	False
23	24	60	1	False
23	25	72	0.79682	False
23	26	63	0.601921	False
23	27	59	0.427355	False
23	28	51	0.282332	False
23	29	33	0.171514	False
23	30	9	0.0944472	False
23	31	6	0.0463203	False
23	32	1	0.0197902	False
23	33	1	0.00716097	False
23	34	1	0.0021153	False
24	0	1	6.97536e-09	True
24	1	0	4.07053e-08	True
24	2	0	2.05118e-07	True
24	3	0	9.06498e-07	False
24	4	0	3.56032e-06	False
24	5	0	1.2569e-05	False
24	6	0	4.02761e-05	False
24	7	0	0.000118139	False
24	8	0	0.000319528	False
24	9	0	0.00080196	False
24	10	0	0.00187808	False
24	11	0	0.0041236	False
24	12	0	0.00852401	False
24	13	1	0.016649	False
24	14	4	0.0308224	False
24	15	7	0.0542321	False
24	16	13	0.0909016	False
24	17	18	0.145441	False
24	18	12	0.222512	False
24	19	30	0.326009	False
24	20	46	0.458032	False
24	21	49	0.617859	False
24	22	91	0.801192	False
24	23	70	1	False
24	24	55	1	False
24	25	83	1	False
24	26	73	0.791337	False
24	27	63	0.590889	False
24	28	57	0.411981	False
24	29	39	0.264882	False
24	30	13	0.154682	False
24	31	22	0.0805115	False
24	32	3	0.0364698	False
24	33	6	0.0139388	False
24	34	1	0.00431431	False
25	0	0	2.14205e-09	True
25	1	0	1.27512e-08	True
25	2	0	6.58973e-08	True
25	3	0	2.99955e-07	True
25	4	0	1.2176e-06	False
25	5	0	4.45511e-06	False
25	6	0	1.48298e-05	False
25	7	0	4.52711e-05	False
25	8	0	0.000127628	False
25	9	0	0.000334312	False
25	10	0	0.000817973	False
25	11	0	0.00187808	False
25	12	0	0.00406281	False
25	13	0	0.0083098	False
25	14	2	0.0161184	False
25	15	8	0.0297272	False
25	16	12	0.0522461	False
25	17	21	0.0876688	False
25	18	19	0.140677	False
25	19	45	0.216154	False
25	20	43	0.318388	False
25	21	35	0.45	False
25	22	53	0.610795	False
25	23	70	0.79682	False
25	24	57	1	False
25	25	62	1	False
25	26	101	1	False
25	27	81	0.784491	False
25	28	69	0.577211	False
25	29	70	0.393153	False
25	30	45	0.243958	False
25	31	17	0.135166	False
25	32	8	0.0651644	False
25	33	6	0.0264224	False
25	34	0	0.00860547	False
26	0	1	6.24605e-10	True
26	1	1	3.79006e-09	True
26	2	0	2.00667e-08	True
26	3	0	9.39634e-08	True
26	4	0	3.93694e-07	True
26	5	0	1.49094e-06	False
26	6	0	5.14846e-06	False
26	7	0	1.63354e-05	False
26	8	0	4.79425e-05	False
26	9	0	0.000130915	False
26	10	1	0.000334312	False
26	11	0	0.00080196	False
26	12	0	0.00181421	False
26	13	3	0.00388357	False
26	14	0	0.00788974	False
26	15	0	0.0152505	False
26	16	2	0.028108	False
26	17	9	0.0494874	False
26	18	5	0.0833544	False
26	19	16	0.134481	False
26	20	16	0.208021	False
26	21	23	0.308735	False
26	22	44	0.439882	False
26	23	53	0.601921	False
26	24	60	0.791337	False
26	25	85	1	False
26	26	89	1	False
26	27	84	1	False
26	28	94	0.775922	False
26	29	73	0.560179	False
26	30	46	0.370028	False
26	31	35	0.218915	False
26	32	4	0.112813	False
26	33	9	0.0487803	False
26	34	4	0.0168046	False
27	0	0	1.723e-10	True
27	1	0	1.06484e-09	True
27	2	1	5.76961e-09	True
27	3	0	2.77568e-08	True
27	4	0	1.19872e-07	True
27	5	0	4.69187e-07	True
27	6	0	1.67832e-06	False
27	7	0	5.52691e-06	False
27	8	0	1.68636e-05	False
27	9	0	4.79425e-05	False
27	10	1	0.000127628	False
27	11	0	0.000319528	False
27	12	0	0.000755202	False
27	13	0	0.00169064	False
27	14	0	0.00359524	False
27	15	0	0.00728069	False
27	16	2	0.0140704	False
27	17	4	0.0259959	False
27	18	3	0.0459829	False
27	19	5	0.077962	False
27	20	14	0.126806	False
27	21	19	0.197982	False
27	22	38	0.296818	False
27	23	72	0.427355	False
27	24	62	0.590889	False
27	25	89	0.784491	False
27	26	82	1	False
27	27	50	1	False
27	28	74	1	False
27	29	73	0.765087	False
27	30	66	0.538747	False
27	31	46	0.341399	False
27	32	23	0.188957	False
27	33	7	0.0876688	False
27	34	2	0.0321559	False
28	0	0	4.4782e-11	True
28	1	0	2.81612e-10	True
28	2	0	1.55965e-09	True
28	3	3	7.69827e-09	True
28	4	0	3.42177e-08	True
28	5	0	1.38209e-07	True
28	6	0	5.11334e-07	True
28	7	0	1.745e-06	False
28	8	0	5.52691e-06	False
28	9	0	1.63354e-05	False
28	10	0	4.52711e-05	False
28	11	0	0.000118139	False
28	12	0	0.000291381	False
28	13	0	0.000681473	False
28	14	0	0.00151562	False
28	15	0	0.00321338	False
28	16	0	0.00650846	False
28	17	1	0.0126157	False
28	18	3	0.0234363	False
28	19	2	0.0417747	False
28	20	8	0.071506	False
28	21	10	0.117601	False
28	22	16	0.185877	False
28	23	46	0.282332	False
28	24	96	0.411981	False
28	25	78	0.577211	False
28	26	75	0.775922	False
28	27	128	1	False
28	28	119	1	False
28	29	134	1	False
28	30	82	0.751141	False
28	31	73	0.511287	False
28	32	44	0.305507	False
28	33	24	0.153202	False
28	34	6	0.0603323	False
29	0	1	1.09178e-11	True
29	1	0	6.97845e-11	True
29	2	2	3.94522e-10	True
29	3	0	1.99495e-09	True
29	4	0	9.11166e-09	True
29	5	1	3.79152e-08	True
29	6	0	1.44836e-07	True
29	7	0	5.11334e-07	True
29	8	0	1.67832e-06	False
29	9	0	5.14846e-06	False
29	10	0	1.48298e-05	False
29	11	0	4.02761e-05	False
29	12	0	0.000103515	False
29	13	0	0.000252584	False
29	14	0	0.000586798	False
29	15	0	0.00130114	False
29	16	0	0.00275955	False
29	17	0	0.00560811	False
29	18	3	0.0109372	False
29	19	2	0.020494	False
29	20	7	0.0369277	False
29	21	6	0.0640221	False
29	22	10	0.106822	False
29	23	16	0.171514	False
29	24	32	0.264882	False
29	25	42	0.393153	False
29	26	73	0.560179	False
29	27	97	0.765087	False
29	28	103	1	False
29	29	118	1	False
29	30	109	1	False
29	31	116	0.732678	False
29	32	96	0.475131	False
29	33	46	0.259736	False
29	34	23	0.111017	False
30	0	1	2.48468e-12	True
30	1	0	1.61219e-11	True
30	2	1	9.28999e-11	True
30	3	0	4.80449e-10	True
30	4	0	2.25086e-09	True
30	5	0	9.63129e-09	True
30	6	0	3.79152e-08	True
30	7	0	1.38209e-07	True
30	8	0	4.69187e-07	True
30	9	0	1.49094e-06	False
30	10	0	4.45511e-06	False
30	11	0	1.2569e-05	False
30	12	0	3.36015e-05	False
30	13	0	8.53934e-05	False
30	14	0	0.000206886	False
30	15	0	0.000479035	False
30	16	0	0.00106237	False
30	17	1	0.00226085	False
30	18	0	0.00462423	False
30	19	2	0.00910191	False
30	20	4	0.0172575	False
30	21	2	0.0315401	False
30	22	6	0.0555823	False
30	23	8	0.0944472	False
30	24	31	0.154682	False
30	25	28	0.243958	False
30	26	44	0.370028	False
30	27	75	0.538747	False
30	28	78	0.751141	False
30	29	125	1	False
30	30	139	1	False
30	31	123	1	False
30	32	109	0.707161	False
30	33	102	0.425556	False
30	34	39	0.20024	False
31	0	0	5.25024e-13	True
31	1	1	3.45302e-12	True
31	2	0	2.02465e-11	True
31	3	0	1.0689e-10	True
31	4	0	5.1263e-10	True
31	5	2	2.25086e-09	True
31	6	0	9.11166e-09	True
31	7	0	3.42177e-08	True
31	8	0	1.19872e-07	True
31	9	1	3.93694e-07	True
31	10	0	1.2176e-06	False
31	11	1	3.56032e-06	False
31	12	0	9.87793e-06	False
31	13	0	2.60871e-05	False
31	14	0	6.57672e-05	False
31	15	0	0.00015868	False
31	16	0	0.000367233	False
31	17	0	0.000816805	False
31	18	0	0.001749	False
31	19	0	0.00361051	False
31	20	2	0.00719375	False
31	21	1	0.0138458	False
31	22	0	0.0257571	False
31	23	2	0.0463203	False
31	24	17	0.0805115	False
31	25	26	0.135166	False
31	26	28	0.218915	False
31	27	32	0.341399	False
31	28	63	0.511287	False
31	29	105	0.732678	False
31	30	154	1	False
31	31	157	1	False
31	32	135	1	False
31	33	165	0.669411	False
31	34	92	0.353309	False
32	0	6	1.02363e-13	True
32	1	3	6.81455e-13	True
32	2	4	4.05764e-12	True
32	3	0	2.18223e-11	True
32	4	0	1.0689e-10	True
32	5	0	4.80449e-10	True
32	6	0	1.99495e-09	True
32	7	0	7.69827e-09	True
32	8	0	2.77568e-08	True
32	9	0	9.39634e-08	True
32	10	0	2.99955e-07	True
32	11	0	9.06498e-07	False
32	12	0	2.60275e-06	False
32	13	0	7.12269e-06	False
32	14	1	1.86318e-05	False
32	15	0	4.67081e-05	False
32	16	0	0.000112479	False
32	17	0	0.00026073	False
32	18	0	0.00058284	False
32	19	0	0.00125846	False
32	20	0	0.00262818	False
32	21	2	0.00531462	False
32	22	0	0.010415	False
32	23	3	0.0197902	False
32	24	7	0.0364698	False
32	25	15	0.0651644	False
32	26	17	0.112813	False
32	27	24	0.188957	False
32	28	62	0.305507	False
32	29	70	0.475131	False
32	30	134	0.707161	False
32	31	146	1	False
32	32	237	1	False
32	33	302	1	False
32	34	214	0.606603	False
33	0	10	1.83187e-14	True
33	1	1	1.23013e-13	True
33	2	1	7.42517e-13	True
33	3	0	4.05764e-12	True
33	4	0	2.02465e-11	True
33	5	0	9.28999e-11	True
33	6	0	3.94522e-10	True
33	7	0	1.55965e-09	True
33	8	0	5.76961e-09	True
33	9	0	2.00667e-08	True
33	10	1	6.58973e-08	True
33	11	0	2.05118e-07	True
33	12	3	6.07314e-07	True
33	13	0	1.71587e-06	False
33	14	4	4.63964e-06	False
33	15	4	1.20383e-05	False
33	16	3	3.00451e-05	False
33	17	0	7.22879e-05	False
33	18	0	0.000167998	False
33	19	0	0.000377804	False
33	20	0	0.000823471	False
33	21	0	0.00174205	False
33	22	0	0.00358116	False
33	23	1	0.00716097	False
33	24	2	0.0139388	False
33	25	39	0.0264224	False
33	26	2	0.0487803	False
33	27	6	0.0876688	False
33	28	23	0.153202	False
33	29	53	0.259736	False
33	30	96	0.425556	False
33	31	158	0.669411	False
33	32	241	1	False
33	33	446	1	False
33	34	748	1	False
34	0	151	2.9976e-15	True
34	1	8	2.02061e-14	True
34	2	2	1.23013e-13	True
34	3	0	6.81455e-13	True
34	4	0	3.45302e-12	True
34	5	0	1.61219e-11	True
34	6	1	6.97845e-11	True
34	7	0	2.81612e-10	True
34	8	0	1.06484e-09	True
34	9	1	3.79006e-09	True
34	10	2	1.27512e-08	True
34	11	2	4.07053e-08	True
34	12	4	1.23724e-07	True
34	13	4	3.59207e-07	True
34	14	10	9.99067e-07	False
34	15	12	2.66914e-06	False
34	16	5	6.86676e-06	False
34	17	8	1.70503e-05	False
34	18	5	4.09482e-05	False
34	19	7	9.53042e-05	False
34	20	1	0.000215355	False
34	21	2	0.00047326	False
34	22	3	0.00101304	False
34	23	4	0.0021153	False
34	24	3	0.00431431	False
34	25	4	0.00860547	False
34	26	4	0.0168046	False
34	27	7	0.0321559	False
34	28	23	0.0603323	False
34	29	13	0.111017	False
34	30	54	0.20024	False
34	31	68	0.353309	False
34	32	256	0.606603	False
34	33	535	1	False
34	34	22367	1	False
